{
    "activity": 61697,
    "adjust": 61698,
    "alarm-fill": 61699,
    "alarm": 61700,
    "align-center": 61701,
    "align-horizontal-left-1": 61702,
    "align-horizontal-left": 61703,
    "align-horizontal-right": 61704,
    "align-justify": 61705,
    "align-left": 61706,
    "align-right": 61707,
    "align-vertical-bottom": 61708,
    "align-vertical-center": 61709,
    "align-vertical-top": 61710,
    "app-indicator": 61711,
    "apple": 61712,
    "archive-1": 61713,
    "archive": 61714,
    "arrow-angle-contract": 61715,
    "arrow-angle-expand": 61716,
    "arrow-anticlockwise": 61717,
    "arrow-clockwise": 61718,
    "arrow-collapse": 61719,
    "arrow-down-circle": 61720,
    "arrow-down-fill": 61721,
    "arrow-down-up": 61722,
    "arrow-down": 61723,
    "arrow-expand": 61724,
    "arrow-fullscreen": 61725,
    "arrow-left-circle": 61726,
    "arrow-left-fill": 61727,
    "arrow-left-right": 61728,
    "arrow-left": 61729,
    "arrow-repeat": 61730,
    "arrow-right-circle": 61731,
    "arrow-right-fill": 61732,
    "arrow-right": 61733,
    "arrow-to-down-circle": 61734,
    "arrow-to-down-fill": 61735,
    "arrow-to-down": 61736,
    "arrow-to-left-circle": 61737,
    "arrow-to-left-fill": 61738,
    "arrow-to-left": 61739,
    "arrow-to-right-circle": 61740,
    "arrow-to-right-fill": 61741,
    "arrow-to-right": 61742,
    "arrow-to-up-circle": 61743,
    "arrow-to-up-fill": 61744,
    "arrow-to-up": 61745,
    "arrow-up-circle": 61746,
    "arrow-up-fill": 61747,
    "arrow-up": 61748,
    "arrows-move": 61749,
    "aspect-ratio": 61750,
    "award-fill": 61751,
    "award": 61752,
    "backspace-fill": 61753,
    "backspace-reverse-fill": 61754,
    "backspace-reverse": 61755,
    "backspace": 61756,
    "backward-circle": 61757,
    "backward-fill": 61758,
    "badge-4k-fill": 61759,
    "badge-4k": 61760,
    "badge-8k-fill": 61761,
    "badge-8k": 61762,
    "badge-cc-fill": 61763,
    "badge-cc": 61764,
    "badge-hd-fill": 61765,
    "badge-hd": 61766,
    "badge-tm-fill": 61767,
    "badge-tm": 61768,
    "bag-check-fill": 61769,
    "bag-check": 61770,
    "bag-dash-fill": 61771,
    "bag-dash": 61772,
    "bag-fill": 61773,
    "bag-heart-fill": 61774,
    "bag-heart": 61775,
    "bag-plus-fill": 61776,
    "bag-plus": 61777,
    "bag-x-fill": 61778,
    "bag-x": 61779,
    "bag": 61780,
    "balloon-1-fill": 61781,
    "balloon-1": 61782,
    "balloon-fill": 61783,
    "balloon-heart-1-fill": 61784,
    "balloon-heart-1": 61785,
    "balloon-heart-fill": 61786,
    "balloon-heart": 61787,
    "balloon": 61788,
    "bandaid-fill": 61789,
    "bandaid": 61790,
    "bank": 61791,
    "basket-1-fill": 61792,
    "basket-1": 61793,
    "basket-fill": 61794,
    "basket": 61795,
    "battery-charging": 61796,
    "battery-full": 61797,
    "battery-half": 61798,
    "battery": 61799,
    "behance": 61800,
    "bell": 61801,
    "bicycle": 61802,
    "bin-fill": 61803,
    "bin": 61804,
    "binoculars-fill": 61805,
    "binoculars": 61806,
    "blockquote-left": 61807,
    "blockquote-right": 61808,
    "bluetooth-1-fill": 61809,
    "bluetooth-1": 61810,
    "bluetooth-fill": 61811,
    "bluetooth": 61812,
    "bold": 61813,
    "bookmark-fill": 61814,
    "bookmark": 61815,
    "bounding-box-circles": 61816,
    "bounding-box": 61817,
    "box-fill": 61818,
    "box": 61819,
    "braces-asterisk": 61820,
    "braces": 61821,
    "brightness": 61822,
    "broadcast": 61823,
    "browser": 61824,
    "bucket-fill": 61825,
    "bucket": 61826,
    "calculator-fill": 61827,
    "calculator": 61828,
    "camera-fill": 61829,
    "camera-reel-fill": 61830,
    "camera-reel": 61831,
    "camera-video-fill": 61832,
    "camera-video-off-fill": 61833,
    "camera-video-off": 61834,
    "caps-lock-1": 61835,
    "caps-lock": 61836,
    "category-fill": 61837,
    "category": 61838,
    "chat": 61839,
    "clipboard-fill": 61840,
    "clipboard": 61841,
    "clock-1": 61842,
    "clock": 61843,
    "cloud-drizzle-fill": 61844,
    "cloud-drizzle": 61845,
    "cloud-upload-fill": 61846,
    "cloud-upload": 61847,
    "code-alt": 61848,
    "code-fill": 61849,
    "compass-1": 61850,
    "compass-2": 61851,
    "contact-book-fill": 61852,
    "contact-book": 61853,
    "contact-line": 61854,
    "cup-fill": 61855,
    "cup": 61856,
    "currency-dollar": 61857,
    "currency-euro": 61858,
    "currency-rupee": 61859,
    "currency-yen": 61860,
    "cursor-text": 61861,
    "dashboard-fill": 61862,
    "dashboard": 61863,
    "divide": 61864,
    "do-not-disturb": 61865,
    "dollar-coin": 61866,
    "dots-horizontal-rounded": 61867,
    "dots-horizontal": 61868,
    "dots-vertical-rounded": 61869,
    "dots-vertical": 61870,
    "dribbble": 61871,
    "drop-fill": 61872,
    "drop": 61873,
    "edit": 61874,
    "eject-fill": 61875,
    "eject": 61876,
    "encircle-divide-fill": 61877,
    "encircle-divide": 61878,
    "encircle-minus": 61879,
    "encircle-multiply": 61880,
    "encircle-plus": 61881,
    "encircled-minus-fill": 61882,
    "encircled-multiply-fill": 61883,
    "encircled-plus-fill": 61884,
    "euro-coin": 61885,
    "file-pdf": 61886,
    "file": 61887,
    "filetype-css": 61888,
    "filetype-csv": 61889,
    "filetype-doc": 61890,
    "filetype-docx": 61891,
    "filetype-exe": 61892,
    "filetype-jsx": 61893,
    "filetype-mp4": 61894,
    "filetype-ppt": 61895,
    "filetype-pptx": 61896,
    "filetype-py": 61897,
    "filter-fill": 61898,
    "filter": 61899,
    "filtype-pdf": 61900,
    "flag-fill": 61901,
    "flag": 61902,
    "forward-circle": 61903,
    "forward-fill": 61904,
    "gem": 61905,
    "git": 61906,
    "github": 61907,
    "headset-1": 61908,
    "headset-fill": 61909,
    "headset": 61910,
    "heart-1": 61911,
    "heart-fill": 61912,
    "heart": 61913,
    "home-fill": 61914,
    "hourglass-bottom": 61915,
    "hourglass-split": 61916,
    "image-fill": 61917,
    "image": 61918,
    "infinity": 61919,
    "info-fill": 61920,
    "info": 61921,
    "italic": 61922,
    "kanban-1": 61923,
    "kanban-fill": 61924,
    "kanban": 61925,
    "letter-spacing": 61926,
    "line-height": 61927,
    "list-li": 61928,
    "list-ui": 61929,
    "location-marker-fill": 61930,
    "location-marker": 61931,
    "lock-fill": 61932,
    "maginifying-glass-2": 61933,
    "magnifying-glass-1": 61934,
    "megaphone-fill": 61935,
    "megaphone": 61936,
    "message": 61937,
    "microsot": 61938,
    "minus": 61939,
    "moon-fill": 61940,
    "moon": 61941,
    "multiply": 61942,
    "notification-fill": 61943,
    "notification-silent-fill": 61944,
    "notification-silent": 61945,
    "notification": 61946,
    "pause-circle": 61947,
    "pause-fill": 61948,
    "people-fill": 61949,
    "people": 61950,
    "pie-chart": 61951,
    "play-circle": 61952,
    "play-fill": 61953,
    "plus": 61954,
    "printer-fill": 61955,
    "printer": 61956,
    "react-fill": 61957,
    "react-icon": 61958,
    "recycle": 61959,
    "rupee-coin": 61960,
    "sand-clock": 61961,
    "save-alt": 61962,
    "search": 61963,
    "sent": 61964,
    "settings-fill": 61965,
    "settings": 61966,
    "share": 61967,
    "shopping-bag": 61968,
    "shopping-cart": 61969,
    "sketch-icons": 61970,
    "sms": 61971,
    "sticky-fill": 61972,
    "sticky": 61973,
    "suitcase": 61974,
    "sun-fill": 61975,
    "sun": 61976,
    "tag-alt-2": 61977,
    "tag-alt": 61978,
    "task-fill": 61979,
    "task": 61980,
    "terminal": 61981,
    "text": 61982,
    "thumbs-down-fill": 61983,
    "thumbs-down": 61984,
    "thumbs-up-fill": 61985,
    "thumbs-up": 61986,
    "trophy-fill": 61987,
    "trophy": 61988,
    "u-magnet-fill": 61989,
    "u-magnet": 61990,
    "underline": 61991,
    "unlock-fill": 61992,
    "user-fill-1": 61993,
    "user-fill": 61994,
    "user-profile-fill": 61995,
    "user-profile": 61996,
    "view-list": 61997,
    "warning-fill": 61998,
    "warning": 61999,
    "yen-coin": 62000,
    "zoom-in": 62001,
    "zoom-out": 62002
}