{
  "activity": 61697,
  "adjust": 61698,
  "adobe-xd": 61699,
  "aeroplane": 61700,
  "alarm-fill": 61701,
  "alarm": 61702,
  "align-center": 61703,
  "align-horizontal-left": 61704,
  "align-horizontal-right": 61705,
  "align-justify": 61706,
  "align-left": 61707,
  "align-right": 61708,
  "align-vertical-bottom": 61709,
  "align-vertical-center": 61710,
  "align-vertical-top": 61711,
  "alternate-email": 61712,
  "app-indicator": 61713,
  "app-store": 61714,
  "apple": 61715,
  "archive": 61716,
  "arrow-angle-contract": 61717,
  "arrow-angle-expand": 61718,
  "arrow-anticlockwise": 61719,
  "arrow-clockwise": 61720,
  "arrow-collapse": 61721,
  "arrow-down-up": 61722,
  "arrow-down": 61723,
  "arrow-expand": 61724,
  "arrow-fullscreen": 61725,
  "arrow-left-right": 61726,
  "arrow-left": 61727,
  "arrow-repeat": 61728,
  "arrow-right": 61729,
  "arrow-to-down-circle": 61730,
  "arrow-to-down": 61731,
  "arrow-to-left-circle": 61732,
  "arrow-to-left": 61733,
  "arrow-to-right-circle": 61734,
  "arrow-to-right": 61735,
  "arrow-to-up-circle": 61736,
  "arrow-to-up": 61737,
  "arrow-up": 61738,
  "arrows-move": 61739,
  "aspect-ratio": 61740,
  "attachment": 61741,
  "award-fill": 61742,
  "award": 61743,
  "backspace-fill": 61744,
  "backspace-reverse-fill": 61745,
  "backspace-reverse": 61746,
  "backspace": 61747,
  "backward-circle": 61748,
  "badge-4k-fill": 61749,
  "badge-4k": 61750,
  "badge-8k-fill": 61751,
  "badge-8k": 61752,
  "badge-cc-fill": 61753,
  "badge-cc": 61754,
  "badge-hd-fill": 61755,
  "badge-hd": 61756,
  "badge-tm-fill": 61757,
  "badge-tm": 61758,
  "bag-check-fill": 61759,
  "bag-check": 61760,
  "bag-dash-fill": 61761,
  "bag-dash": 61762,
  "bag-fill": 61763,
  "bag-heart-fill": 61764,
  "bag-heart": 61765,
  "bag-plus-fill": 61766,
  "bag-plus": 61767,
  "bag-x-fill": 61768,
  "bag-x": 61769,
  "bag": 61770,
  "balloon-1-fill": 61771,
  "balloon-1": 61772,
  "balloon-fill": 61773,
  "balloon-heart-1-fill": 61774,
  "balloon-heart-1": 61775,
  "balloon-heart-fill": 61776,
  "balloon-heart": 61777,
  "balloon": 61778,
  "bandaid-fill": 61779,
  "bandaid": 61780,
  "bank": 61781,
  "basket-1-fill": 61782,
  "basket-1": 61783,
  "basket-fill": 61784,
  "basket": 61785,
  "basketball": 61786,
  "bathtub": 61787,
  "battery-charging": 61788,
  "battery-full": 61789,
  "battery-half": 61790,
  "battery": 61791,
  "beach-access": 61792,
  "behance": 61793,
  "bell": 61794,
  "bicycle": 61795,
  "bin-fill": 61796,
  "bin": 61797,
  "binoculars-fill": 61798,
  "binoculars": 61799,
  "black-lives-matter": 61800,
  "blockquote-left": 61801,
  "blockquote-right": 61802,
  "bluetooth-1-fill": 61803,
  "bluetooth-1": 61804,
  "bluetooth-fill": 61805,
  "bluetooth": 61806,
  "bold": 61807,
  "bookmark-fill": 61808,
  "bookmark": 61809,
  "bounding-box-circles": 61810,
  "bounding-box": 61811,
  "box-fill": 61812,
  "box": 61813,
  "braces-asterisk": 61814,
  "braces": 61815,
  "brightness": 61816,
  "broadcast": 61817,
  "browser": 61818,
  "brush": 61819,
  "bucket-fill": 61820,
  "bucket": 61821,
  "bulb": 61822,
  "calculator-fill": 61823,
  "calculator": 61824,
  "calendar-calendar": 61825,
  "calendar-check": 61826,
  "calendar-edit": 61827,
  "calendar-event": 61828,
  "calendar-minus": 61829,
  "calendar-plus": 61830,
  "calendar-week": 61831,
  "calendar-x": 61832,
  "calendar": 61833,
  "call-add": 61834,
  "call-end": 61835,
  "camera-fill": 61836,
  "camera-reel-fill": 61837,
  "camera-reel": 61838,
  "camera-video-fill": 61839,
  "camera-video-off-fill": 61840,
  "camera-video-off": 61841,
  "caps-lock-1": 61842,
  "caps-lock": 61843,
  "cast-connected": 61844,
  "cast": 61845,
  "category-fill": 61846,
  "category": 61847,
  "chat": 61848,
  "check-box-outline-blank": 61849,
  "check-box": 61850,
  "child-friendly": 61851,
  "clipboard-fill": 61852,
  "clipboard": 61853,
  "clock-1": 61854,
  "clock": 61855,
  "cloud-drizzle-fill": 61856,
  "cloud-drizzle": 61857,
  "cloud-upload-fill": 61858,
  "cloud-upload": 61859,
  "code-alt": 61860,
  "coffee": 61861,
  "color-palette": 61862,
  "colorize": 61863,
  "compass-1": 61864,
  "compass-2": 61865,
  "contact-book-fill": 61866,
  "contact-book": 61867,
  "contact-line": 61868,
  "coolicons": 61869,
  "css3": 61870,
  "cup-fill": 61871,
  "cup": 61872,
  "cupcake": 61873,
  "currency-dollar": 61874,
  "currency-euro": 61875,
  "currency-rupee": 61876,
  "currency-yen": 61877,
  "cursor-text": 61878,
  "dashboard-fill": 61879,
  "dashboard": 61880,
  "degree360": 61881,
  "desktop-access-disabled": 61882,
  "device-hub": 61883,
  "devices": 61884,
  "direction_car": 61885,
  "direction-run": 61886,
  "direction-subway": 61887,
  "direction-walk": 61888,
  "directions-bike": 61889,
  "directions-no-transfer": 61890,
  "discord": 61891,
  "divide": 61892,
  "document-duplicate": 61893,
  "dollar-coin": 61894,
  "dots-horizontal-rounded": 61895,
  "dots-horizontal": 61896,
  "dots-vertical-rounded": 61897,
  "dots-vertical": 61898,
  "dribbble": 61899,
  "drive": 61900,
  "drop-fill": 61901,
  "drop": 61902,
  "dropbox": 61903,
  "duo": 61904,
  "edit-1": 61905,
  "edit": 61906,
  "eject-fill": 61907,
  "eject": 61908,
  "encircled-divide": 61909,
  "encircled-minus": 61910,
  "encircled-multiply": 61911,
  "encircled-plus": 61912,
  "euro-coin": 61913,
  "external-link": 61914,
  "facebook": 61915,
  "figma": 61916,
  "file-pdf": 61917,
  "file": 61918,
  "filetype-css": 61919,
  "filetype-csv": 61920,
  "filetype-doc": 61921,
  "filetype-docx": 61922,
  "filetype-exe": 61923,
  "filetype-jsx": 61924,
  "filetype-mp4": 61925,
  "filetype-ppt": 61926,
  "filetype-pptx": 61927,
  "filetype-py": 61928,
  "filter-center-focus": 61929,
  "filter-fill": 61930,
  "filter": 61931,
  "filtype-pdf": 61932,
  "flag-fill": 61933,
  "flag": 61934,
  "flight-land": 61935,
  "flight-take-off": 61936,
  "football": 61937,
  "forward-circle": 61938,
  "fuel-station": 61939,
  "gamepad": 61940,
  "gem": 61941,
  "gift": 61942,
  "git": 61943,
  "github": 61944,
  "global-network": 61945,
  "google": 61946,
  "happy-face": 61947,
  "headset-1": 61948,
  "headset-fill": 61949,
  "headset": 61950,
  "heart-1": 61951,
  "heart-empty-1": 61952,
  "heart-empty": 61953,
  "heart-fill": 61954,
  "heart": 61955,
  "helmet": 61956,
  "home-fill": 61957,
  "home-work": 61958,
  "hourglass-bottom": 61959,
  "hourglass-split": 61960,
  "html5": 61961,
  "image-fill": 61962,
  "image": 61963,
  "images": 61964,
  "infinity": 61965,
  "info-fill": 61966,
  "info": 61967,
  "instagram": 61968,
  "invert-colors-off": 61969,
  "invision": 61970,
  "ios-add-circle": 61971,
  "ios-arrow-down-circle-fill": 61972,
  "ios-arrow-down-circle": 61973,
  "ios-arrow-left-circle-fill": 61974,
  "ios-arrow-left-circle": 61975,
  "ios-arrow-right-circle-fill": 61976,
  "ios-arrow-right-circle": 61977,
  "ios-arrow-up-circle-fill": 61978,
  "ios-arrow-up-circle": 61979,
  "ios-close-circle": 61980,
  "ios-remove-circle": 61981,
  "iso-fill": 61982,
  "iso": 61983,
  "italic": 61984,
  "javascript": 61985,
  "kanban-1": 61986,
  "kanban-fill": 61987,
  "kanban": 61988,
  "key": 61989,
  "keyboard-hide": 61990,
  "keyboard": 61991,
  "laptop": 61992,
  "letter-spacing": 61993,
  "line-height": 61994,
  "linkedIn": 61995,
  "linkpath": 61996,
  "list-li": 61997,
  "list-ui": 61998,
  "local-taxi": 61999,
  "location-marker-fill": 62000,
  "location-marker": 62001,
  "lock-fill": 62002,
  "loop": 62003,
  "maginifying-glass-2": 62004,
  "magnifying-glass-1": 62005,
  "megaphone-fill": 62006,
  "megaphone": 62007,
  "message": 62008,
  "messenger": 62009,
  "mic-color": 62010,
  "mic-off": 62011,
  "mic": 62012,
  "microsot": 62013,
  "minus": 62014,
  "mobile_alt": 62015,
  "mobile": 62016,
  "monitor": 62017,
  "moon-fill": 62018,
  "moon": 62019,
  "moped": 62020,
  "multiply": 62021,
  "my-location": 62022,
  "no-meals": 62023,
  "notification-fill": 62024,
  "notification-silent-fill": 62025,
  "notification-silent": 62026,
  "notification": 62027,
  "pallets": 62028,
  "pause-circle": 62029,
  "pause": 62030,
  "paypal": 62031,
  "people-fill": 62032,
  "people": 62033,
  "phone-disabled": 62034,
  "phone-enabled": 62035,
  "phone": 62036,
  "photo-size-select-large": 62037,
  "photo-size-select-small": 62038,
  "pie-chart": 62039,
  "play_store": 62040,
  "play-circle": 62041,
  "play": 62042,
  "plus-one": 62043,
  "plus": 62044,
  "printer-fill": 62045,
  "printer": 62046,
  "psychology": 62047,
  "qr-code-scanner": 62048,
  "qr-code": 62049,
  "radio-button-checked": 62050,
  "radio-button-unchecked": 62051,
  "react-fill": 62052,
  "react-icon": 62053,
  "receipt-long": 62054,
  "recycle": 62055,
  "reddit": 62056,
  "restaurant-menu": 62057,
  "restaurant": 62058,
  "router": 62059,
  "rugby": 62060,
  "rupee-coin": 62061,
  "sad-face": 62062,
  "sand-clock": 62063,
  "save-alt": 62064,
  "scissors": 62065,
  "search": 62066,
  "security": 62067,
  "sent": 62068,
  "settings-fill": 62069,
  "settings": 62070,
  "share": 62071,
  "shield-check": 62072,
  "shield-exclamation": 62073,
  "shipping": 62074,
  "shopping-bag": 62075,
  "shopping-cart-1": 62076,
  "shopping-cart": 62077,
  "signal-cellular-4-bar": 62078,
  "signal-cellular-alt": 62079,
  "signal-cellular-connected-no-internet-4-bar": 62080,
  "signal-cellular-null": 62081,
  "signal-cellular-off": 62082,
  "signal-wifi-4-bar-lock": 62083,
  "signal-wifi-4-bar": 62084,
  "signal-wifi-off": 62085,
  "sketch-icons": 62086,
  "sketch": 62087,
  "slack": 62088,
  "slash-circle": 62089,
  "sms": 62090,
  "snapchat": 62091,
  "snow": 62092,
  "sports": 62093,
  "spotify": 62094,
  "stack_overflow": 62095,
  "star-half": 62096,
  "star": 62097,
  "sticky-fill": 62098,
  "sticky": 62099,
  "store": 62100,
  "suitcase": 62101,
  "sun-fill": 62102,
  "sun": 62103,
  "tablet": 62104,
  "tag-alt-2": 62105,
  "tag-alt": 62106,
  "task-fill": 62107,
  "task": 62108,
  "tennis-bat": 62109,
  "tennis": 62110,
  "terminal": 62111,
  "text": 62112,
  "thumbs-down-fill": 62113,
  "thumbs-down": 62114,
  "thumbs-up-fill": 62115,
  "thumbs-up": 62116,
  "timer-10": 62117,
  "timer-3": 62118,
  "timer": 62119,
  "toggle-off": 62120,
  "toggle-on": 62121,
  "toys": 62122,
  "translate": 62123,
  "trello": 62124,
  "trophy-fill": 62125,
  "trophy": 62126,
  "tune": 62127,
  "twitch": 62128,
  "twitter": 62129,
  "u-magnet-fill": 62130,
  "u-magnet": 62131,
  "underline": 62132,
  "unlock-fill": 62133,
  "unsplash": 62134,
  "user-1": 62135,
  "user-fill": 62136,
  "user-profile-fill": 62137,
  "user-profile": 62138,
  "view-list": 62139,
  "volleyball": 62140,
  "volume-off": 62141,
  "volume-up": 62142,
  "vpn-key": 62143,
  "warning-fill": 62144,
  "warning": 62145,
  "wb-auto": 62146,
  "wb-incandescent": 62147,
  "wifi-lock": 62148,
  "wifi-tethering": 62149,
  "yen-coin": 62150,
  "youtube": 62151,
  "zoom-in": 62152,
  "zoom-out": 62153
}