{
  "activity": 61697,
  "adjust": 61698,
  "alarm-fill": 61699,
  "alarm": 61700,
  "align-center": 61701,
  "align-horizontal-left": 61702,
  "align-horizontal-right": 61703,
  "align-justify": 61704,
  "align-left": 61705,
  "align-right": 61706,
  "align-vertical-bottom": 61707,
  "align-vertical-center": 61708,
  "align-vertical-top": 61709,
  "app-indicator": 61710,
  "apple": 61711,
  "archive": 61712,
  "arrow-angle-contract": 61713,
  "arrow-angle-expand": 61714,
  "arrow-anticlockwise": 61715,
  "arrow-clockwise": 61716,
  "arrow-collapse": 61717,
  "arrow-down-up": 61718,
  "arrow-down": 61719,
  "arrow-expand": 61720,
  "arrow-fullscreen": 61721,
  "arrow-left-right": 61722,
  "arrow-left": 61723,
  "arrow-repeat": 61724,
  "arrow-right": 61725,
  "arrow-to-down-circle": 61726,
  "arrow-to-down": 61727,
  "arrow-to-left-circle": 61728,
  "arrow-to-left": 61729,
  "arrow-to-right-circle": 61730,
  "arrow-to-right": 61731,
  "arrow-to-up-circle": 61732,
  "arrow-to-up": 61733,
  "arrow-up": 61734,
  "arrows-move": 61735,
  "aspect-ratio": 61736,
  "award-fill": 61737,
  "award": 61738,
  "backspace-fill": 61739,
  "backspace-reverse-fill": 61740,
  "backspace-reverse": 61741,
  "backspace": 61742,
  "backward-circle": 61743,
  "badge-4k-fill": 61744,
  "badge-4k": 61745,
  "badge-8k-fill": 61746,
  "badge-8k": 61747,
  "badge-cc-fill": 61748,
  "badge-cc": 61749,
  "badge-hd-fill": 61750,
  "badge-hd": 61751,
  "badge-tm-fill": 61752,
  "badge-tm": 61753,
  "bag-check-fill": 61754,
  "bag-check": 61755,
  "bag-dash-fill": 61756,
  "bag-dash": 61757,
  "bag-fill": 61758,
  "bag-heart-fill": 61759,
  "bag-heart": 61760,
  "bag-plus-fill": 61761,
  "bag-plus": 61762,
  "bag-x-fill": 61763,
  "bag-x": 61764,
  "bag": 61765,
  "balloon-1-fill": 61766,
  "balloon-1": 61767,
  "balloon-fill": 61768,
  "balloon-heart-1-fill": 61769,
  "balloon-heart-1": 61770,
  "balloon-heart-fill": 61771,
  "balloon-heart": 61772,
  "balloon": 61773,
  "bandaid-fill": 61774,
  "bandaid": 61775,
  "bank": 61776,
  "basket-1-fill": 61777,
  "basket-1": 61778,
  "basket-fill": 61779,
  "basket": 61780,
  "battery-charging": 61781,
  "battery-full": 61782,
  "battery-half": 61783,
  "battery": 61784,
  "behance": 61785,
  "bell": 61786,
  "bicycle": 61787,
  "bin-fill": 61788,
  "bin": 61789,
  "binoculars-fill": 61790,
  "binoculars": 61791,
  "blockquote-left": 61792,
  "blockquote-right": 61793,
  "bluetooth-1-fill": 61794,
  "bluetooth-1": 61795,
  "bluetooth-fill": 61796,
  "bluetooth": 61797,
  "bold": 61798,
  "bookmark-fill": 61799,
  "bookmark": 61800,
  "bounding-box-circles": 61801,
  "bounding-box": 61802,
  "box-fill": 61803,
  "box": 61804,
  "braces-asterisk": 61805,
  "braces": 61806,
  "brightness": 61807,
  "broadcast": 61808,
  "browser": 61809,
  "bucket-fill": 61810,
  "bucket": 61811,
  "calculator-fill": 61812,
  "calculator": 61813,
  "camera-fill": 61814,
  "camera-reel-fill": 61815,
  "camera-reel": 61816,
  "camera-video-fill": 61817,
  "camera-video-off-fill": 61818,
  "camera-video-off": 61819,
  "caps-lock-1": 61820,
  "caps-lock": 61821,
  "category-fill": 61822,
  "category": 61823,
  "chat": 61824,
  "clipboard-fill": 61825,
  "clipboard": 61826,
  "clock-1": 61827,
  "clock": 61828,
  "cloud-drizzle-fill": 61829,
  "cloud-drizzle": 61830,
  "cloud-upload-fill": 61831,
  "cloud-upload": 61832,
  "code-alt": 61833,
  "compass-1": 61834,
  "compass-2": 61835,
  "contact-book-fill": 61836,
  "contact-book": 61837,
  "contact-line": 61838,
  "cup-fill": 61839,
  "cup": 61840,
  "currency-dollar": 61841,
  "currency-euro": 61842,
  "currency-rupee": 61843,
  "currency-yen": 61844,
  "cursor-text": 61845,
  "dashboard-fill": 61846,
  "dashboard": 61847,
  "divide": 61848,
  "dollar-coin": 61849,
  "dots-horizontal-rounded": 61850,
  "dots-horizontal": 61851,
  "dots-vertical-rounded": 61852,
  "dots-vertical": 61853,
  "dribbble": 61854,
  "drop-fill": 61855,
  "drop": 61856,
  "edit": 61857,
  "eject-fill": 61858,
  "eject": 61859,
  "encircled-divide": 61860,
  "encircled-minus": 61861,
  "encircled-multiply": 61862,
  "encircled-plus": 61863,
  "euro-coin": 61864,
  "file-pdf": 61865,
  "file": 61866,
  "filetype-css": 61867,
  "filetype-csv": 61868,
  "filetype-doc": 61869,
  "filetype-docx": 61870,
  "filetype-exe": 61871,
  "filetype-jsx": 61872,
  "filetype-mp4": 61873,
  "filetype-ppt": 61874,
  "filetype-pptx": 61875,
  "filetype-py": 61876,
  "filter-fill": 61877,
  "filter": 61878,
  "filtype-pdf": 61879,
  "flag-fill": 61880,
  "flag": 61881,
  "forward-circle": 61882,
  "gem": 61883,
  "gift": 61884,
  "git": 61885,
  "github": 61886,
  "headset-1": 61887,
  "headset-fill": 61888,
  "headset": 61889,
  "heart-1": 61890,
  "heart-empty-1": 61891,
  "heart-empty": 61892,
  "heart-fill": 61893,
  "heart": 61894,
  "home-fill": 61895,
  "hourglass-bottom": 61896,
  "hourglass-split": 61897,
  "image-fill": 61898,
  "image": 61899,
  "images": 61900,
  "infinity": 61901,
  "info-fill": 61902,
  "info": 61903,
  "ios-add-circle": 61904,
  "ios-arrow-down-circle-fill": 61905,
  "ios-arrow-down-circle": 61906,
  "ios-arrow-left-circle-fill": 61907,
  "ios-arrow-left-circle": 61908,
  "ios-arrow-right-circle-fill": 61909,
  "ios-arrow-right-circle": 61910,
  "ios-arrow-up-circle-fill": 61911,
  "ios-arrow-up-circle": 61912,
  "ios-close-circle": 61913,
  "ios-remove-circle": 61914,
  "italic": 61915,
  "kanban-1": 61916,
  "kanban-fill": 61917,
  "kanban": 61918,
  "letter-spacing": 61919,
  "line-height": 61920,
  "list-li": 61921,
  "list-ui": 61922,
  "location-marker-fill": 61923,
  "location-marker": 61924,
  "lock-fill": 61925,
  "maginifying-glass-2": 61926,
  "magnifying-glass-1": 61927,
  "megaphone-fill": 61928,
  "megaphone": 61929,
  "message": 61930,
  "microsot": 61931,
  "minus": 61932,
  "moon-fill": 61933,
  "moon": 61934,
  "multiply": 61935,
  "notification-fill": 61936,
  "notification-silent-fill": 61937,
  "notification-silent": 61938,
  "notification": 61939,
  "pause-circle": 61940,
  "pause": 61941,
  "people-fill": 61942,
  "people": 61943,
  "pie-chart": 61944,
  "play-circle": 61945,
  "play": 61946,
  "plus": 61947,
  "printer-fill": 61948,
  "printer": 61949,
  "react-fill": 61950,
  "react-icon": 61951,
  "recycle": 61952,
  "rupee-coin": 61953,
  "sand-clock": 61954,
  "save-alt": 61955,
  "search": 61956,
  "sent": 61957,
  "settings-fill": 61958,
  "settings": 61959,
  "share": 61960,
  "shopping-bag": 61961,
  "shopping-cart": 61962,
  "sketch-icons": 61963,
  "slash-circle": 61964,
  "sms": 61965,
  "sticky-fill": 61966,
  "sticky": 61967,
  "suitcase": 61968,
  "sun-fill": 61969,
  "sun": 61970,
  "tag-alt-2": 61971,
  "tag-alt": 61972,
  "task-fill": 61973,
  "task": 61974,
  "terminal": 61975,
  "text": 61976,
  "thumbs-down-fill": 61977,
  "thumbs-down": 61978,
  "thumbs-up-fill": 61979,
  "thumbs-up": 61980,
  "trophy-fill": 61981,
  "trophy": 61982,
  "u-magnet-fill": 61983,
  "u-magnet": 61984,
  "underline": 61985,
  "unlock-fill": 61986,
  "user-1": 61987,
  "user-fill": 61988,
  "user-profile-fill": 61989,
  "user-profile": 61990,
  "view-list": 61991,
  "warning-fill": 61992,
  "warning": 61993,
  "yen-coin": 61994,
  "zoom-in": 61995,
  "zoom-out": 61996
}